{
  "postcss.config.js": 1769405860.9991426,
  "tailwind.config.js": 1769405860.0234756,
  "vite.config.ts": 1769405858.9977913,
  "src\\App.tsx": 1775451505.684268,
  "src\\main.tsx": 1769406449.977349,
  "src\\vite-env.d.ts": 1769406451.8328288,
  "src\\components\\ThemeProvider.tsx": 1775451505.6933067,
  "src\\components\\calendar\\CalendarView.tsx": 1775451503.7537231,
  "src\\components\\dreams\\DreamCard.tsx": 1775109647.268962,
  "src\\components\\dreams\\DreamEditor.tsx": 1775451505.695312,
  "src\\components\\dreams\\DreamList.tsx": 1775080843.2583108,
  "src\\components\\dreams\\DreamViewer.tsx": 1774301887.8705797,
  "src\\components\\dreams\\TagHighlightExtension.ts": 1775107810.224997,
  "src\\components\\graph\\GraphStats.tsx": 1775451503.7537231,
  "src\\components\\graph\\GraphView.tsx": 1775451503.758719,
  "src\\components\\handwriting\\HandwritingPreview.tsx": 1774303314.5899088,
  "src\\components\\handwriting\\HandwritingUpload.tsx": 1774300198.3685439,
  "src\\components\\layout\\AppLayout.tsx": 1769406229.1520925,
  "src\\components\\layout\\Header.tsx": 1775451505.7043009,
  "src\\components\\layout\\Sidebar.tsx": 1775451505.7053044,
  "src\\components\\search\\SearchDialog.tsx": 1770005310.920103,
  "src\\components\\tags\\TagApplyDialog.tsx": 1774934609.958601,
  "src\\components\\tags\\TagBadge.tsx": 1769406304.8010514,
  "src\\components\\tags\\TagPicker.tsx": 1774934609.968601,
  "src\\components\\ui\\badge.tsx": 1769406187.432979,
  "src\\components\\ui\\button.tsx": 1769406170.068747,
  "src\\components\\ui\\card.tsx": 1769406189.0670512,
  "src\\components\\ui\\dialog.tsx": 1769406175.2556374,
  "src\\components\\ui\\dropdown-menu.tsx": 1770005199.73075,
  "src\\components\\ui\\input.tsx": 1769406171.5106554,
  "src\\components\\ui\\label.tsx": 1769406173.1915424,
  "src\\components\\ui\\popover.tsx": 1769406177.202495,
  "src\\components\\ui\\scroll-area.tsx": 1769406179.0799098,
  "src\\components\\ui\\select.tsx": 1769406485.2697964,
  "src\\components\\ui\\separator.tsx": 1769406190.6712222,
  "src\\components\\ui\\slider.tsx": 1769406181.08067,
  "src\\components\\ui\\switch.tsx": 1769406182.7132668,
  "src\\components\\ui\\tabs.tsx": 1769406184.3012977,
  "src\\components\\ui\\textarea.tsx": 1774279931.4160101,
  "src\\components\\ui\\tooltip.tsx": 1769406185.817426,
  "src\\hooks\\useDreams.ts": 1769406487.474036,
  "src\\hooks\\useTags.ts": 1769406489.6928685,
  "src\\lib\\apiError.ts": 1774280978.6296976,
  "src\\lib\\tagUtils.ts": 1774934609.975601,
  "src\\lib\\tauri.ts": 1775451505.7133563,
  "src\\lib\\utils.ts": 1774302783.555128,
  "src\\pages\\AnalystPage.tsx": 1775451505.7233675,
  "src\\pages\\ArchetypesPage.tsx": 1775451505.7233675,
  "src\\pages\\CalendarPage.tsx": 1775020628.1183617,
  "src\\pages\\GraphPage.tsx": 1775020653.1741223,
  "src\\pages\\GuidePage.tsx": 1775451505.7342014,
  "src\\pages\\JournalPage.tsx": 1775182442.571148,
  "src\\pages\\SeriesPage.tsx": 1775451505.7342014,
  "src\\pages\\SettingsPage.tsx": 1775451505.7442052,
  "src\\pages\\TagsPage.tsx": 1775107824.5653586,
  "src\\pages\\ThemeAnalysisPage.tsx": 1775451505.7544599,
  "src\\stores\\analystStore.ts": 1775080843.296999,
  "src\\stores\\archetypeStore.ts": 1775451505.7628953,
  "src\\stores\\dreamStore.ts": 1774280917.082645,
  "src\\stores\\seriesStore.ts": 1775451505.7729006,
  "src\\stores\\tagStore.ts": 1769406111.5835066,
  "src\\stores\\themeStore.ts": 1775451505.7794344,
  "src\\stores\\uiStore.ts": 1775451505.789437,
  "src\\types\\cytoscape-fcose.d.ts": 1770005211.4937823,
  "src-python\\graph_analysis.py": 1773372273.1317115,
  "src-tauri\\build.rs": 1769405894.1000056,
  "src-tauri\\resources\\graph_analysis.py": 1775008557.9728966,
  "src-tauri\\src\\lib.rs": 1775451505.6709793,
  "src-tauri\\src\\main.rs": 1769405896.177816,
  "src-tauri\\src\\commands\\claude.rs": 1775451505.6347313,
  "src-tauri\\src\\commands\\dreams.rs": 1775451505.6452684,
  "src-tauri\\src\\commands\\graph.rs": 1775451505.6517837,
  "src-tauri\\src\\commands\\mod.rs": 1775008557.993658,
  "src-tauri\\src\\commands\\obsidian.rs": 1774304575.062323,
  "src-tauri\\src\\commands\\ocr.rs": 1773362103.8943567,
  "src-tauri\\src\\commands\\search.rs": 1774304619.2248647,
  "src-tauri\\src\\commands\\tags.rs": 1774302760.5805678,
  "src-tauri\\src\\commands\\theme.rs": 1775008558.003664,
  "src-tauri\\src\\db\\mod.rs": 1769405924.4425383,
  "src-tauri\\src\\db\\migrations\\mod.rs": 1775451505.6653926,
  "src-tauri\\src\\models\\mod.rs": 1775451505.6832645,
  "CLAUDE.md.txt": 1771907663.270776,
  "README.md": 1775451505.600973,
  "public\\ARCHETYPES.md": 1775451505.622691,
  "public\\GUIDE.md": 1773362103.8609593,
  "src-python\\GRAPHTHEORY.md": 1773372538.6287158,
  "public\\dream-icon.svg": 1769405870.1517742,
  "src-tauri\\icons\\128x128.png": 1770006798.2660306,
  "src-tauri\\icons\\128x128@2x.png": 1770006798.2868998,
  "src-tauri\\icons\\32x32.png": 1770006798.2562904,
  "src-tauri\\icons\\icon.png": 1769447874.2575436
}